{"cameraMode":{"drawMode":0,"name":"Shaded","section":"Shading Mode"},"sceneLighting":true,"audioPlay":false,"sceneViewState":{"m_AlwaysRefresh":false,"showFog":true,"showSkybox":true,"showFlares":true,"showImageEffects":true,"showParticleSystems":true,"showVisualEffectGraphs":true,"m_FxEnabled":true},"in2DMode":false,"pivot":{"x":35.88853454589844,"y":44.6219596862793,"z":10.09876823425293},"rotation":{"x":-0.532309889793396,"y":0.0005133062950335443,"z":-0.0003055983688682318,"w":-0.8465815186500549},"size":2.8740854263305666,"orthographic":false}