{"cameraMode":{"drawMode":0,"name":"Shaded","section":"Shading Mode"},"sceneLighting":false,"audioPlay":false,"sceneViewState":{"m_AlwaysRefresh":false,"showFog":true,"showSkybox":false,"showFlares":true,"showImageEffects":true,"showParticleSystems":true,"showVisualEffectGraphs":true,"m_FxEnabled":true},"in2DMode":false,"pivot":{"x":9.53645133972168,"y":2.5357189178466799,"z":69.624755859375},"rotation":{"x":-0.09460003674030304,"y":-0.038221102207899097,"z":0.0036439131945371629,"w":-0.9948024749755859},"size":0.8660253882408142,"orthographic":false}